RowNo,Avg Price,Company ,Insider,Order Type,Reported Time,Shares Trader,Ticker,Transaction Date,Value
0,9.40,VIAVI SOLUTIONS INC.,Siebert Kevin ChristopherVP General Counsel & Secretary,Sale,10-02-2017,10689,VIAV,09-29-2017,100476
1,64.61,Installed Building Products Inc.,Elliott Jay P.Chief Operating Officer,Sale,10-02-2017,2500,IBP,10-02-2017,161525
2,26.04,MINDBODY Inc.,Luxor Capital Group LP10% owner,Purchase,10-02-2017,28900,MB,09-28-2017,752556
3,26.66,MINDBODY Inc.,Luxor Capital Group LP10% owner,Purchase,10-02-2017,74623,MB,10-02-2017,1989449
4,25.92,MINDBODY Inc.,Luxor Capital Group LP10% owner,Purchase,10-02-2017,7922,MB,09-29-2017,205338
5,0.02,Marijuana Co of America Inc.,Larsen Charles JohnDirector 10% owner,Sale,10-02-2017,400000,MCOA,09-29-2017,8000
6,0.10,REGI U S INC,Chute Paul WillardCEO Director,Purchase,10-02-2017,270455,RGUS,09-30-2017,27045
7,19.00,BOX INC,Mannie JeffVP Controller & Chief Acct Ofr,Sale,10-02-2017,6145,BOX,09-28-2017,116755
8,92.43,BIOMARIN PHARMACEUTICAL INC,BAFFI ROBERTEVP Technical Operations,Sale,10-02-2017,18415,BMRN,09-28-2017,1702098
9,26.99,Marcus & Millichap Inc.,Hughes William E.SVP Marcus & Millichap Capital,Sale,10-02-2017,5534,MMI,09-29-2017,149362
10,26.99,Marcus & Millichap Inc.,Hughes William E.SVP Marcus & Millichap Capital,Sale,10-02-2017,466,MMI,10-02-2017,12577
11,108.86,Edwards Lifesciences Corp,BOBO DONALD E JRCVP Heart Valve Therapy,Sale,10-02-2017,5300,EW,09-29-2017,576958
12,78.56,Guidewire Software Inc.,Ryu MarcusCEO and President Director,Sale,10-02-2017,25000,GWRE,10-02-2017,1964000
13,16.93,SunCoke Energy Partners L.P.,Sun Coal & Coke LLC10% owner,Purchase,10-02-2017,8793,SXCP,09-28-2017,148865
14,17.37,SunCoke Energy Partners L.P.,Sun Coal & Coke LLC10% owner,Purchase,10-02-2017,8766,SXCP,10-02-2017,152265
15,17.30,SunCoke Energy Partners L.P.,Sun Coal & Coke LLC10% owner,Purchase,10-02-2017,9700,SXCP,09-29-2017,167810
16,6.50,CAMBIUM LEARNING GROUP INC.,Campbell John FCEO Director,Sale,10-02-2017,15000,ABCD,10-02-2017,97500
17,6.49,CAMBIUM LEARNING GROUP INC.,Benson BarbaraChief Financial Officer,Sale,10-02-2017,17000,ABCD,10-02-2017,110330
18,4.20,ANAVEX LIFE SCIENCES CORP.,MISSLING CHRISTOPHER UPresident and CEO Director,Purchase,10-02-2017,375,AVXL,10-02-2017,1575
19,65.00,Installed Building Products Inc.,NIXON J MICHAELDirector,Sale,10-02-2017,50000,IBP,09-28-2017,3250000
20,40.68,Camping World Holdings Inc.,Moody Brent L.Chief Operating Legal Officer,Sale,10-02-2017,23124,CWH,09-29-2017,940684
21,40.03,Camping World Holdings Inc.,Moody Brent L.Chief Operating Legal Officer,Sale,10-02-2017,12130,CWH,10-02-2017,485563
22,5.52,Natural Grocers by Vitamin Cottage Inc.,Buffa SandraChief Financial Officer,Sale,10-02-2017,31726,NGVC,10-02-2017,175127
23,5.55,Natural Grocers by Vitamin Cottage Inc.,Buffa SandraChief Financial Officer,Sale,10-02-2017,20525,NGVC,09-28-2017,113913
24,5.53,Natural Grocers by Vitamin Cottage Inc.,Buffa SandraChief Financial Officer,Sale,10-02-2017,47749,NGVC,09-29-2017,264051
25,3.79,ZYNGA INC,Siminoff Ellen FDirector,Sale,10-02-2017,12000,ZNGA,10-02-2017,45480
26,6.19,QUANTUM CORP /DE/,GACEK JON WPresident and CEO,Sale,10-02-2017,5793,QTM,10-02-2017,35858
27,14.00,ROKU INC,MV Management X L.L.C.10% owner,Sale,10-02-2017,6900000,ROKU,10-02-2017,96600000
28,14.00,ROKU INC,CAROLAN SHAWN TDirector 10% owner,Sale,10-02-2017,6900000,ROKU,10-02-2017,96600000
29,0.27,QS Energy Inc.,Bunting EricDirector,Purchase,10-02-2017,125000,QSEP,09-29-2017,33750
30,6.10,KINGSWAY FINANCIAL SERVICES INC,STILWELL JOSEPHDirector 10% owner,Purchase,10-02-2017,10100,KFS,09-29-2017,61610
31,11.35,AMERICAN SOFTWARE INC,KLINGES VINCENT CCFO,Sale,10-02-2017,20127,AMSWA,09-29-2017,228441
32,50.96,OMNICELL Inc,Kuipers Peter J.Executive V.P. CFO,Sale,10-02-2017,3532,OMCL,10-02-2017,179990
33,2.25,R F INDUSTRIES LTD,GARLAND GERALD TDirector,Purchase,10-02-2017,100,RFIL,09-28-2017,225
34,2.25,R F INDUSTRIES LTD,GARLAND GERALD TDirector,Purchase,10-02-2017,901,RFIL,10-02-2017,2027
35,30.65,Coupa Software Inc,Winter Steven MChief Revenue Officer,Sale,10-02-2017,27266,COUP,09-28-2017,835702
36,54.46,Lumentum Holdings Inc.,Retort VincentEVP and COO,Sale,10-02-2017,30706,LITE,09-28-2017,1672248
37,180.34,FACTSET RESEARCH SYSTEMS INC,Hale Mark J.Chief Operating Officer,Sale,10-02-2017,9458,FDS,09-29-2017,1705655
38,181.00,FACTSET RESEARCH SYSTEMS INC,McNulty Matthew J,Sale,10-02-2017,1049,FDS,10-02-2017,189869
39,35.32,Digimarc CORP,DAVIS BRUCE LChairman and CEO,Sale,10-02-2017,5000,DMRC,10-02-2017,176600
40,7.25,Rosehill Resources Inc.,Geode Capital Master Fund Ltd. - Geode Diversified Fund10% owner,Sale,10-02-2017,50000,ROSE,09-28-2017,362500
41,8.41,Rosehill Resources Inc.,Geode Capital Master Fund Ltd. - Geode Diversified Fund10% owner,Sale,10-02-2017,15984,ROSE,09-29-2017,134425
42,60.10,NEXSTAR MEDIA GROUP INC.,MUSE JOHN RDirector,Sale,10-02-2017,641240,NXST,09-28-2017,38538524
43,50.04,ENVESTNET INC.,Grinis Scott DChief Technology Officer,Sale,10-02-2017,9308,ENV,09-28-2017,465772
44,18.30,ON SEMICONDUCTOR CORP,MASCARENAS PAUL ANTHONYDirector,Sale,10-02-2017,9375,ON,09-28-2017,171562
45,164.92,COSTCO WHOLESALE CORP /NEW,MEISENBACH JOHN WDirector,Sale,10-02-2017,1000,COST,10-02-2017,164920
46,18.00,PENNYMAC FINANCIAL SERVICES INC.,Grogin JeffreyCALO,Sale,10-02-2017,2369,PFSI,09-29-2017,42642
47,18.00,PENNYMAC FINANCIAL SERVICES INC.,KURLAND STANFORD LExecutive Chairman Director,Sale,10-02-2017,11012,PFSI,09-29-2017,198216
48,49.15,AMBARELLA INC,Day ChristopherVP Marketing,Sale,10-02-2017,2618,AMBA,09-29-2017,128674
49,240.62,Broadcom Ltd,Ingram BryanSVP & GM Wireless Semicon Div,Sale,10-02-2017,10000,AVGO,09-28-2017,2406200
50,19.50,BASIC ENERGY SERVICES INC,Bissett John CodyVP Controller and CAO,Sale,10-02-2017,2500,BAS,10-02-2017,48750
51,56.38,VEEVA SYSTEMS INC,Faddis JonathanSVP Gen. Counsel Secretary,Sale,10-02-2017,37500,VEEV,09-29-2017,2114250
52,35.58,MILLER HERMAN INC,Gane Stephen C,Sale,10-02-2017,3874,MLHR,09-28-2017,137836
53,36.00,MILLER HERMAN INC,Gane Stephen C,Sale,10-02-2017,3406,MLHR,09-29-2017,122616
54,36.50,MILLER HERMAN INC,Gane Stephen C,Sale,10-02-2017,3406,MLHR,10-02-2017,124319
55,19.00,BOX INC,O'Driscoll RoryDirector,Sale,10-02-2017,6310,BOX,09-28-2017,119890
56,19.23,BOX INC,O'Driscoll RoryDirector,Sale,10-02-2017,217690,BOX,09-29-2017,4186178
57,27.72,SYSTEMAX INC,REINHOLD LAWRENCE PPresident & CEO,Sale,10-02-2017,33730,SYX,09-28-2017,934995
58,26.11,SYSTEMAX INC,REINHOLD LAWRENCE PPresident & CEO,Sale,10-02-2017,46473,SYX,09-29-2017,1213410
59,1.81,China Commercial Credit Inc,Jie YangVP of Finance 10% owner,Purchase,10-02-2017,452486,CCCR,09-29-2017,818999
60,30.00,Global Blood Therapeutics Inc.,Choi JungSee Remarks,Sale,10-02-2017,3000,GBT,09-29-2017,90000
61,3.21,CTI BIOPHARMA CORP,LOVE RICHARD LDirector,Sale,10-02-2017,13624,CTIC,09-28-2017,43733
62,3.20,CTI BIOPHARMA CORP,LOVE RICHARD LDirector,Sale,10-02-2017,976,CTIC,09-29-2017,3123
63,100000.00,BLACKROCK MUNIHOLDINGS FUND II  INC,J.P. Morgan Taxable PUTTERs/Taxable DRIVERs Series T0018 Trust10% owner,Sale,10-02-2017,550,MUH,09-28-2017,55000000
64,100000.00,BLACKROCK MUNIHOLDINGS FUND INC.,J.P. Morgan Taxable PUTTERs/Taxable DRIVERs Series T0017 Trust10% owner,Sale,10-02-2017,837,MHD,09-28-2017,83700000
65,8.15,CymaBay Therapeutics Inc.,EMSTER KURT VONDirector,Sale,10-02-2017,90389,CBAY,09-28-2017,736670
66,8.04,CymaBay Therapeutics Inc.,EMSTER KURT VONDirector,Sale,10-02-2017,120735,CBAY,09-29-2017,970709
67,100000.00,BLACKROCK MUNIYIELD INVESTMENT QUALITY FUND,J.P. Morgan Taxable PUTTERs/Taxable DRIVERs Series T0016 Trust10% owner,Sale,10-02-2017,565,MFT,09-28-2017,56500000
68,100000.00,BLACKROCK MUNICIPAL INCOME TRUST II,J.P. Morgan Taxable PUTTERs/Taxable DRIVERs Series T0008 Trust10% owner,Sale,10-02-2017,1513,BLE,09-28-2017,151300000
69,8.28,Rosehill Resources Inc.,K2 PRINCIPAL FUND L.P.10% owner,Sale,10-02-2017,10000,ROSE,09-29-2017,82800
70,8.90,Rosehill Resources Inc.,K2 PRINCIPAL FUND L.P.10% owner,Sale,10-02-2017,20000,ROSE,10-02-2017,178000
71,42.45,UNITED NATURAL FOODS INC,HEFFERNAN JAMES PDirector,Sale,10-02-2017,2970,UNFI,09-28-2017,126076
72,100000.00,BLACKROCK INVESTMENT QUALITY MUNICIPAL TRUST INC.,J.P. Morgan Taxable PUTTERs/Taxable DRIVERs Series T0011 Trust10% owner,Sale,10-02-2017,1259,BKN,09-28-2017,125900000
73,100000.00,BLACKROCK MUNICIPAL INCOME INVESTMENT QUALITY TRUST,J.P. Morgan Taxable PUTTERs/Taxable DRIVERs Series T0013 Trust10% owner,Sale,10-02-2017,422,BAF,09-28-2017,42200000
74,100000.00,BLACKROCK MUNIHOLDINGS QUALITY FUND II INC.,J.P. Morgan Taxable PUTTERs/Taxable DRIVERs Series T0010 Trust10% owner,Sale,10-02-2017,1310,MUE,09-28-2017,131000000
75,100000.00,BLACKROCK MUNICIPAL INCOME TRUST,J.P. Morgan Taxable PUTTERs/Taxable DRIVERs Series T0006 Trust10% owner,Sale,10-02-2017,2708,BFK,09-28-2017,270800000
76,48.43,STANDARD MOTOR PRODUCTS INC,SILLS PETER J,Sale,10-02-2017,2428,SMP,10-02-2017,117588
77,18.74,Granite Point Mortgage Trust Inc.,TWO HARBORS INVESTMENT CORP.10% owner,Purchase,10-02-2017,25000,GPMT,09-28-2017,468499
78,18.90,Granite Point Mortgage Trust Inc.,TWO HARBORS INVESTMENT CORP.10% owner,Purchase,10-02-2017,16918,GPMT,10-02-2017,319750
79,18.79,Granite Point Mortgage Trust Inc.,TWO HARBORS INVESTMENT CORP.10% owner,Purchase,10-02-2017,25000,GPMT,09-29-2017,469750
80,23.99,Pattern Energy Group Inc.,Pedersen Esben W.Chief Investment Officer,Sale,10-02-2017,2400,PEGI,10-02-2017,57575
81,24.12,Pattern Energy Group Inc.,Shugart Christopher M.Senior VP Operations,Sale,10-02-2017,500,PEGI,10-02-2017,12060
82,181.76,LAM RESEARCH CORP,ARCHER TIMOTHYChief Operating Officer,Sale,10-02-2017,11590,LRCX,09-28-2017,2106598
83,152.99,ROCKWELL AUTOMATION INC,DORGAN DAVID MVP and Controller,Sale,10-02-2017,4100,ROK,02-13-2017,627259
84,165.05,ROCKWELL AUTOMATION INC,DORGAN DAVID MVP and Controller,Sale,10-02-2017,3000,ROK,08-16-2017,495150
85,6.25,Conifer Holdings Inc.,PETCOFF JAMES GChairman and CEO Director 10% owner,Purchase,10-02-2017,216000,CNFR,09-29-2017,1350000
86,92.77,SALESFORCE COM INC,Martinez MariaPres. Sales & Cust. Success,Sale,10-02-2017,940,CRM,09-29-2017,87203
87,54.12,SYSCO CORP,Moskowitz Paul TExecutive Vice President,Sale,10-02-2017,16667,SYY,09-29-2017,902018
88,6.25,Conifer Holdings Inc.,RONEY BRIAN JPresident,Purchase,10-02-2017,16000,CNFR,09-28-2017,100000
89,22.69,SHOE CARNIVAL INC,Tomm Charles B.Director,Purchase,10-02-2017,11190,SCVL,09-29-2017,253901
90,38.01,BASSETT FURNITURE INDUSTRIES INC,Cohenour BruceSR VP SALES & MERCHANDISING,Sale,10-02-2017,1298,BSET,09-29-2017,49336
91,38.58,BASSETT FURNITURE INDUSTRIES INC,Cohenour BruceSR VP SALES & MERCHANDISING,Sale,10-02-2017,8602,BSET,10-02-2017,331865
92,61.88,TORO CO,HARLESS KATHERINE JDirector,Sale,10-02-2017,6000,TTC,09-29-2017,371280
93,6.25,Conifer Holdings Inc.,WILLIAMS R JAMISON JRDirector,Purchase,10-02-2017,160000,CNFR,09-29-2017,1000000
94,1.30,SMTC CORP,Red Oak Partners LLC10% owner,Purchase,10-02-2017,100,SMTX,09-28-2017,130
95,40.27,ZILLOW GROUP INC.,Schwartz Greg MChief Business Officer,Sale,10-02-2017,3750,Z,10-02-2017,151012
96,6.25,Conifer Holdings Inc.,SARAFA JOSEPH DDirector,Purchase,10-02-2017,24000,CNFR,09-29-2017,150000
97,0.02,Marijuana Co of America Inc.,Hymers Robert Leslie IIIChief Financial Officer Director,Sale,10-02-2017,700000,MCOA,09-28-2017,14000
98,6.25,Conifer Holdings Inc.,MELOCHE HAROLD JCFO Treasurer,Purchase,10-02-2017,4000,CNFR,09-29-2017,25000
99,36.36,AUBURN NATIONAL BANCORPORATION INC,Barrett J TuttDirector,Purchase,10-02-2017,36,AUBN,09-28-2017,1308
100,38.73,Kraton Corp,Jung Holger R.SVP & Polymer Seg. President,Sale,10-02-2017,12753,KRA,09-29-2017,493923
101,41.00,Kraton Corp,Jung Holger R.SVP & Polymer Seg. President,Sale,10-02-2017,8449,KRA,10-02-2017,346409
102,38.10,MICRON TECHNOLOGY INC,Thorsen Steven L. JRSVP WORLDWIDE SALES,Sale,10-02-2017,118944,MU,09-29-2017,4531766
103,30.10,OVERSTOCK.COM INC,JOHNSON JONATHAN E IIIPresident Medici Director,Sale,10-02-2017,4000,OSTK,10-02-2017,120400
104,38.61,MICRON TECHNOLOGY INC,Poppen Joel LSVP Legal Affairs General 10% owner,Sale,10-02-2017,80000,MU,09-29-2017,3088800
105,76.03,CARMAX INC,FOLLIARD THOMAS JDirector,Sale,10-02-2017,8000,KMX,10-02-2017,608240
106,38.00,MICRON TECHNOLOGY INC,Deboer Scott JEVP Technology Development,Sale,10-02-2017,13694,MU,09-28-2017,520372
107,17.00,Deciphera Pharmaceuticals Inc.,New Leaf Venture Management III L.L.C.10% owner,Purchase,10-02-2017,375000,DCPH,10-02-2017,6375000
108,1065.64,MARKEL CORP,MARKEL STEVEN AVice Chairman Director,Sale,10-02-2017,200,MKL,09-28-2017,213128
109,17.00,Deciphera Pharmaceuticals Inc.,Ratcliffe LiamDirector 10% owner,Purchase,10-02-2017,375000,DCPH,10-02-2017,6375000
110,18.02,MARVELL TECHNOLOGY GROUP LTD,Sutardja Sehat10% owner,Sale,10-02-2017,90405,MRVL,09-29-2017,1629098
111,18.01,MARVELL TECHNOLOGY GROUP LTD,Sutardja Sehat10% owner,Sale,10-02-2017,3490,MRVL,09-28-2017,62854
112,21.92,INTERFACE INC,KENNEDY CHRISTOPHER GDirector,Sale,10-02-2017,29500,TILE,09-29-2017,646640
113,18.00,Reis Inc.,Sander WilliamCOO of Reis Services LLC,Sale,10-02-2017,5000,REIS,10-02-2017,90000
114,0.01,JACOBS FINANCIAL GROUP INC.,STOUT CHARLES L10% owner,Purchase,10-02-2017,100000,JFGI,09-25-2017,1000
115,0.01,JACOBS FINANCIAL GROUP INC.,STOUT CHARLES L10% owner,Purchase,10-02-2017,100000,JFGI,09-27-2017,1000
116,23.58,Limoneira CO,Michaelis Ronald LDirector,Sale,10-02-2017,1500,LMNR,10-02-2017,35370
117,48.00,FCB FINANCIAL HOLDINGS INC.,ORAN STUART ISecretary Director,Sale,10-02-2017,5627,FCB,09-28-2017,270096
118,48.21,FCB FINANCIAL HOLDINGS INC.,ORAN STUART ISecretary Director,Sale,10-02-2017,5514,FCB,09-29-2017,265829
119,9.21,BUILD A BEAR WORKSHOP INC,Leonard Braden Michael,Sale,10-02-2017,25000,BBW,09-28-2017,230250
120,9.20,BUILD A BEAR WORKSHOP INC,Leonard Braden Michael,Sale,10-02-2017,2000,BBW,09-29-2017,18400
121,29.40,MID PENN BANCORP INC,Moisey Robert JDirector,Purchase,10-02-2017,102,MPB,09-29-2017,2998
122,120.00,PUMA BIOTECHNOLOGY INC.,BRYCE RICHARD PAULSR VP CLINICAL RESEARCH & DEV,Sale,10-02-2017,15000,PBYI,09-29-2017,1800000
123,19.03,MOMENTA PHARMACEUTICALS INC,WHEELER CRAIG APresident Director,Sale,10-02-2017,35667,MNTA,09-28-2017,678743
124,75.00,InterDigital Inc.,McQuilkin Scott ASr. EVP  Innovation,Sale,10-02-2017,500,IDCC,09-29-2017,37500
125,67.00,PENTAIR plc,MERRIMAN RONALDDirector,Sale,10-02-2017,5200,PNR,09-28-2017,348400
126,36.35,AUBURN NATIONAL BANCORPORATION INC,SMITH CHARLES EDWARD JRSenior Vice President,Purchase,10-02-2017,15,AUBN,09-28-2017,545
127,9.00,NorthStar Real Estate Capital Income Fund,Altobello Daniel Joseph,Purchase,10-02-2017,618,XNAFX,09-29-2017,5562
128,7.53,A10 Networks Inc.,SMETS RAYMOND JEVP of Worldwide Sales,Sale,10-02-2017,13890,ATEN,09-29-2017,104591
129,29.24,BOSTON SCIENTIFIC CORP,Pratt Timothy A.EVP GC & Chief Admin Officer,Sale,10-02-2017,11061,BSX,10-02-2017,323423
130,28.72,BOSTON SCIENTIFIC CORP,Phalen Michael P.EVP & President MedSurg,Sale,10-02-2017,15500,BSX,09-29-2017,445160
131,29.40,MID PENN BANCORP INC,Grubic Robert CDirector,Purchase,10-02-2017,170,MPB,09-29-2017,4998
132,25.42,ACTUANT CORP,Rennie StephenEx. VP Industrial & India,Sale,10-02-2017,876,ATU,09-28-2017,22267
133,26.81,Veritex Holdings Inc.,Fleming Ned N IIIDirector,Sale,10-02-2017,66200,VBTX,09-29-2017,1774822
134,29.40,MID PENN BANCORP INC,De Soto Matthew GDirector,Purchase,10-02-2017,119,MPB,09-29-2017,3498
135,11.94,TILLY'S INC.,LEVINE TILLY10% owner,Sale,10-02-2017,10000,TLYS,09-29-2017,119400
136,11.97,TILLY'S INC.,LEVINE TILLY10% owner,Sale,10-02-2017,10000,TLYS,09-28-2017,119700
137,15.79,Cloudera Inc.,Greylock XII GP LLC,Sale,10-02-2017,3575098,CLDR,10-02-2017,56450797
138,127.92,SYNNEX CORP,BREIDENBACH FRED ADirector,Sale,10-02-2017,1321,SNX,09-28-2017,168982
139,0.72,Roka BioScience Inc.,ORBIMED ADVISORS LLC10% owner,Sale,10-02-2017,380542,ROKA,09-28-2017,273990
140,0.74,Roka BioScience Inc.,ORBIMED ADVISORS LLC10% owner,Sale,10-02-2017,94134,ROKA,09-29-2017,69659
141,138.41,MOODYS CORP /DE/,Duffie DarrellDirector,Sale,10-02-2017,500,MCO,09-29-2017,69205
142,8.00,SMITH MIDLAND CORP,SMITH RODNEY IChairman CEO and President Director 10% owner,Sale,10-02-2017,1000,SMID,09-29-2017,8000
143,7.80,SMITH MIDLAND CORP,SMITH RODNEY IChairman CEO and President Director 10% owner,Sale,10-02-2017,1000,SMID,09-28-2017,7800
144,68.95,Wayfair Inc.,Mulliken John ChamplinChief Technology Officer,Sale,10-02-2017,700,W,09-28-2017,48265
145,67.59,Wayfair Inc.,Mulliken John ChamplinChief Technology Officer,Sale,10-02-2017,236,W,10-02-2017,15951
146,40.80,HURCO COMPANIES INC,DOAR MICHAELChairman & CEO Director,Sale,10-02-2017,5000,HURC,09-28-2017,204000
147,41.70,HURCO COMPANIES INC,DOAR MICHAELChairman & CEO Director,Sale,10-02-2017,2000,HURC,09-29-2017,83400
148,19.30,Akebia Therapeutics Inc.,Dahan MichelSVP Chief Business Officer,Sale,10-02-2017,5000,AKBA,09-28-2017,96500
149,8.47,Vera Bradley Inc.,Colby Kimberly F.EVP - Design,Sale,10-02-2017,170000,VRA,09-28-2017,1439900
150,29.40,MID PENN BANCORP INC,QUANDEL NOBLE C JRDirector,Purchase,10-02-2017,102,MPB,09-29-2017,2998
151,29.40,MID PENN BANCORP INC,KERWIN GREGORY MDirector,Purchase,10-02-2017,34,MPB,09-29-2017,999
152,36.34,AUBURN NATIONAL BANCORPORATION INC,JOHNSON WILLIAM THOMASSVP/Senior Lender,Purchase,10-02-2017,6,AUBN,09-28-2017,218
153,29.40,MID PENN BANCORP INC,Boyer Steven TDirector,Purchase,10-02-2017,68,MPB,09-29-2017,1999
154,64.00,Restaurant Brands International Inc.,Cil Jose E.Senior EVP Pres. Burger King,Sale,10-02-2017,36039,QSR,09-28-2017,2306496
155,63.68,Restaurant Brands International Inc.,Cil Jose E.Senior EVP Pres. Burger King,Sale,10-02-2017,96872,QSR,09-29-2017,6168808
156,29.40,MID PENN BANCORP INC,Klinger Robert EDirector,Purchase,10-02-2017,34,MPB,09-29-2017,999
157,28.56,SolarEdge Technologies Inc,Faier RonenChief Financial Officer,Sale,10-02-2017,30000,SEDG,09-27-2017,856800
158,0.45,RXi Pharmaceuticals Corp,CAUWENBERGH GEERTPresident & CEO Director,Purchase,10-02-2017,10000,RXII,10-02-2017,4500
159,29.40,MID PENN BANCORP INC,MOWERY THEODORE WDirector,Purchase,10-02-2017,68,MPB,09-29-2017,1999
160,85.14,LILLY ELI & CO,LILLY ENDOWMENT INC10% owner,Sale,10-02-2017,195000,LLY,09-29-2017,16602300
161,34.32,COPART INC,MITZ VINCENT WPresident Director,Sale,10-02-2017,200000,CPRT,09-28-2017,6864000
162,97.70,EOG RESOURCES INC,THOMAS GARY LPresident and COO,Sale,10-02-2017,4351,EOG,09-28-2017,425092
163,96.40,EOG RESOURCES INC,THOMAS GARY LPresident and COO,Sale,10-02-2017,20649,EOG,09-29-2017,1990563
164,30.60,F&M BANK CORP,Shillingburg Stephanie EExecutive Vice President,Purchase,10-02-2017,10,FMBM,10-02-2017,306
165,34.32,COPART INC,MEEKS JAMES EDirector,Sale,10-02-2017,122864,CPRT,09-28-2017,4216692
166,34.33,COPART INC,MEEKS JAMES EDirector,Sale,10-02-2017,37136,CPRT,09-29-2017,1274878
167,29.40,MID PENN BANCORP INC,Abel Robert ADirector,Purchase,10-02-2017,17,MPB,09-29-2017,499
168,97.50,EOG RESOURCES INC,Donaldson Michael PEVP Gen. Counsel & Corp Sec,Sale,10-02-2017,6167,EOG,09-28-2017,601282
169,21.32,DSW Inc.,Jordan William LEVP Chief Admin Officer,Sale,10-02-2017,10000,DSW,09-28-2017,213200
170,97.03,EOG RESOURCES INC,CRISP CHARLES RDirector,Sale,10-02-2017,3411,EOG,09-28-2017,330969
171,30.60,F&M BANK CORP,HAYSLETT NEIL WExec Vice Pres & CAO,Purchase,10-02-2017,7,FMBM,10-02-2017,214
172,11.41,Porter Bancorp Inc.,Bouvette Maria L10% owner,Sale,10-02-2017,1000,PBIB,10-02-2017,11410
173,30.60,F&M BANK CORP,Comer Carrie ASr. VP & CFO,Purchase,10-02-2017,2,FMBM,10-02-2017,61
174,31.36,FIRST BUSEY CORP /NV/,Stewart Jon DDirector,Purchase,10-02-2017,235,BUSE,10-02-2017,7369
175,36.36,AUBURN NATIONAL BANCORPORATION INC,O'DONNELL SHANNONSenior Vice President,Purchase,10-02-2017,13,AUBN,09-28-2017,472
176,185.00,LAM RESEARCH CORP,NEWBERRY STEPHEN GDirector,Sale,10-02-2017,750,LRCX,09-29-2017,138750
177,2.30,ProPhase Labs Inc.,Leonard Braden Michael10% owner,Sale,10-02-2017,1695305,PRPH,09-29-2017,3899201
178,57.40,RLI CORP,STONE MICHAEL JDirector,Sale,10-02-2017,991,RLI,10-02-2017,56883
179,51.94,MERCURY SYSTEMS INC,HAINES GERALD M IIEVP CFO & Treasurer,Sale,10-02-2017,2500,MRCY,10-02-2017,129850
180,2.38,Ascena Retail Group Inc.,Pershing John EEVP Chief HR Officer,Sale,10-02-2017,912,ASNA,10-02-2017,2170
181,320.00,BARD C R INC /NJ/,Luboff Sharon MGroup Vice President,Sale,10-02-2017,30252,BCR,09-29-2017,9680640
182,41.45,TOLL BROTHERS INC,Connor Martin P.Chief Financial Officer,Sale,10-02-2017,2000,TOL,09-29-2017,82900
183,201.48,CHEMED CORP,GRACE PATRICK PDirector,Sale,10-02-2017,500,CHE,10-02-2017,100740
184,61.51,SEI INVESTMENTS CO,Meyer StephenEXECUTIVE VICE PRESIDENT,Sale,10-02-2017,20000,SEIC,09-28-2017,1230200
185,61.64,SEI INVESTMENTS CO,Barr KevinEXECUTIVE VICE PRESIDENT,Sale,10-02-2017,10000,SEIC,09-28-2017,616400
186,38.00,FIVE PRIME THERAPEUTICS INC,RINGO WILLIAM RDirector,Sale,10-02-2017,2000,FPRX,09-28-2017,76000
187,1.55,PEN INC.,BERMAN RONALD JDirector,Purchase,10-02-2017,300,PENC,09-27-2017,465
188,1.55,PEN INC.,BERMAN RONALD JDirector,Purchase,10-02-2017,300,PENC,09-29-2017,465
189,1.50,PEN INC.,BERMAN RONALD JDirector,Purchase,10-02-2017,300,PENC,09-28-2017,450
190,61.51,SEI INVESTMENTS CO,WITHROW WAYNEEXECUTIVE VICE PRESIDENT,Sale,10-02-2017,10000,SEIC,09-28-2017,615100
191,13.18,TRECORA RESOURCES,AL ATHEL FAHAD MOHAMMED SALEH10% owner,Sale,10-02-2017,20000,TREC,09-29-2017,263600
192,6.80,HALCON RESOURCES CORP,FRANKLIN RESOURCES INC10% owner,Sale,10-02-2017,218100,HK,09-29-2017,1483080
193,3.48,ARC DOCUMENT SOLUTIONS INC.,Grimes Dennis JefferyVP Sr. Counsel & Corp Secty,Purchase,10-02-2017,1625,ARC,09-29-2017,5655
194,0.04,ENDONOVO THERAPEUTICS INC.,Mann Michael ScottPresident 10% owner,Purchase,10-02-2017,6000,ENDV,09-28-2017,240
195,0.05,ENDONOVO THERAPEUTICS INC.,Mann Michael ScottPresident 10% owner,Purchase,10-02-2017,36000,ENDV,09-29-2017,1800
196,2.30,ProPhase Labs Inc.,Barr Jason MichaelDirector,Sale,10-02-2017,4379,PRPH,09-29-2017,10071
197,2.30,ProPhase Labs Inc.,CUDDIHY ROBERT V JRChief Financial Officer,Sale,10-02-2017,358621,PRPH,09-29-2017,824828
198,2.30,ProPhase Labs Inc.,Karkus Ted WilliamCEO & CHAIRMAN Director 10% owner,Sale,10-02-2017,364950,PRPH,09-29-2017,839384
199,2.15,U S GLOBAL INVESTORS INC,HOLMES FRANK ECEO/CIO Director 10% owner,Purchase,10-02-2017,500,GROW,09-29-2017,1075
200,11.53,VASCO DATA SECURITY INTERNATIONAL INC,HUNT T KENDALLDirector 10% owner,Sale,10-02-2017,5809,VDSI,09-28-2017,66977
201,62.50,SAUL CENTERS INC,Hachey Donald ASenior Vice Pres.-Construction,Sale,10-02-2017,3606,BFS,09-28-2017,225375
202,62.50,SAUL CENTERS INC,Hachey Donald ASenior Vice Pres.-Construction,Sale,10-02-2017,1000,BFS,09-29-2017,62500
203,45.00,TEREX CORP,COHEN ERIC ISenior V.P. Secy. Gen Counsel,Sale,10-02-2017,10000,TEX,09-29-2017,450000
204,36.36,AUBURN NATIONAL BANCORPORATION INC,HOUSEL DAVID EDirector,Purchase,10-02-2017,25,AUBN,09-28-2017,909
205,102.60,MCCORMICK & CO INC,Smith Michael RExecutive VP & CFO,Sale,10-02-2017,5500,MKC,09-29-2017,564300
206,49.52,EATON VANCE CORP,FAUST THOMAS E JRCEO Director,Sale,10-02-2017,72678,EV,09-28-2017,3599014
207,49.31,EATON VANCE CORP,Langstraat Brian D.Director,Sale,10-02-2017,12867,EV,09-28-2017,634471
208,6.09,KINGSWAY FINANCIAL SERVICES INC,Fitzgerald John Taylor MaloneyPresident and COO Director,Purchase,10-02-2017,272,KFS,09-29-2017,1656
209,46.36,MORGAN GROUP HOLDING CO,Carucci Claudia B10% owner,Sale,10-02-2017,259,MGHL,08-15-2017,12007
210,235.58,MORGAN GROUP HOLDING CO,Carucci Claudia B10% owner,Sale,10-02-2017,1106,MGHL,08-21-2017,260551
211,4847.32,MORGAN GROUP HOLDING CO,Carucci Claudia B10% owner,Sale,10-02-2017,36999,MGHL,08-11-2017,179345992
212,187.00,MORGAN GROUP HOLDING CO,Carucci Claudia B10% owner,Sale,10-02-2017,1000,MGHL,09-06-2017,187000
213,1060.00,MORGAN GROUP HOLDING CO,Carucci Claudia B10% owner,Sale,10-02-2017,5000,MGHL,09-11-2017,5300000
214,6.09,KINGSWAY FINANCIAL SERVICES INC,SWETS LARRY G JRCEO Director,Purchase,10-02-2017,341,KFS,09-29-2017,2076
215,36.37,AUBURN NATIONAL BANCORPORATION INC,HAM WILLIAM F JRDirector,Purchase,10-02-2017,27,AUBN,09-28-2017,981
216,49.38,EATON VANCE CORP,PUHY DOROTHY EDirector,Sale,10-02-2017,6495,EV,09-28-2017,320723
217,6.09,KINGSWAY FINANCIAL SERVICES INC,Hickey William August JrCFO and EVP,Purchase,10-02-2017,246,KFS,09-29-2017,1498
218,6.09,KINGSWAY FINANCIAL SERVICES INC,BAQAR HASSANVice President,Purchase,10-02-2017,162,KFS,09-29-2017,986
219,35.45,GENERAL AMERICAN INVESTORS CO INC,Priest Jeffrey WPresident & CEO,Purchase,10-02-2017,1000,GAM,09-21-2017,35450
220,115.46,LCI INDUSTRIES,Schnur JamieChief Administrative Officer,Sale,10-02-2017,1100,LCII,09-29-2017,127006
221,95.28,AMERICAN WOODMARK CORP,BRANDT WILLIAM F10% owner,Sale,10-02-2017,2715,AMWD,09-28-2017,258685
222,95.53,AMERICAN WOODMARK CORP,BRANDT WILLIAM F10% owner,Sale,10-02-2017,4285,AMWD,09-29-2017,409346
223,34.00,PEOPLES BANCORP INC,BEAM S CRAIGDirector,Sale,10-02-2017,600,PEBO,09-28-2017,20400
224,77.06,NEOGEN CORP,HERBERT JAMES LExecutive Chairman Director,Sale,10-02-2017,10000,NEOG,09-29-2017,770600
225,9.71,Evanston Alternative Opportunities Fund,Blitz Adam,Sale,10-02-2017,77271,NONE,09-30-2017,750301
226,61.76,ORMAT TECHNOLOGIES INC.,Krieger ZviE.V.P. Electricty Segment,Sale,10-02-2017,7563,ORA,09-28-2017,467090
227,61.13,ORMAT TECHNOLOGIES INC.,Argas ShlomiExecutive V.P. Projects,Sale,10-02-2017,22444,ORA,09-28-2017,1372001
